Scenario,Avg_Delay_Days,Total_Transport_Cost,Delay_Rate,Revenue_Impact,Total_Impact
Baseline,1.943,2769042.86168,51.4,245693.06570404998,3014735.92738405
Mild_Disruption,2.23445,3045947.1478480003,51.4,282547.0255596574,3328494.1734076575
Moderate_Disruption,2.5258999999999996,3461303.5771000003,51.4,319400.98541526496,3780704.5625152653
Severe_Disruption,2.9145,4153564.29252,51.4,368539.59855607495,4522103.891076075
Black_Swan,3.886,5538085.72336,51.4,491386.13140809996,6029471.8547681
